<?xml version="1.0" encoding="UTF-8"?>
<objects>
<browser>chrome</browser>
<AppURL>http://demo.opencart.com/</AppURL>
<ChromeDriverPath>./drivers/chromedriver.exe</ChromeDriverPath>

	<des>//*[@id='menu']/div[2]/ul/li[1]/a</des>
	<mac>//*[@id='menu']/div[2]/ul/li[1]/div/div/ul/li[2]/a</mac>

<head>//*[@id='content']/h2 </head>

<sort>input-sort</sort>

<cart>//*[@id='content']/div[2]/div/div/div[2]/div[2]/button[1]</cart>

<search>//*[@id='search']/input</search>

<srch>//*[@id='search']/span/button</srch>

<clr>input-search</clr>

<check>description</check>

<ser>input-search</ser>

</objects>
